{"loss": [1.1149914264678955, 0.9087576866149902, 0.8657971024513245, 0.8318818211555481, 0.8142186403274536, 0.7949604392051697, 0.7765827178955078, 0.7597923278808594, 0.7407029867172241, 0.723891019821167, 0.7089853286743164, 0.6854166388511658, 0.6699903011322021, 0.6509371995925903, 0.6391194462776184, 0.6232253909111023, 0.6219380497932434, 0.5928224921226501, 0.5829463601112366, 0.5675687789916992], "accuracy": [0.535515308380127, 0.6136490106582642, 0.6359331607818604, 0.6544568538665771, 0.6571030616760254, 0.6704735159873962, 0.6807799339294434, 0.6931754946708679, 0.6930361986160278, 0.7112813591957092, 0.7149025201797485, 0.7275766134262085, 0.7306406497955322, 0.7415041923522949, 0.7448468208312988, 0.7551531791687012, 0.7651810646057129, 0.7752088904380798, 0.77548748254776, 0.7820334434509277], "val_loss": [0.9203774929046631, 0.8774265050888062, 0.8095121383666992, 0.9107160568237305, 0.811298668384552, 0.8063645362854004, 0.7972862124443054, 0.8256246447563171, 0.7731105089187622, 0.7536568641662598, 0.7451194524765015, 0.7431759238243103, 0.7310855984687805, 0.7225043773651123, 0.7390109300613403, 0.7562657594680786, 0.7196630239486694, 0.7217817902565002, 0.7790389657020569, 0.7635384798049927], "val_accuracy": [0.6079640984535217, 0.6315199136734009, 0.6769489645957947, 0.6365675926208496, 0.694335401058197, 0.6836791634559631, 0.6977005004882812, 0.681435763835907, 0.7005047798156738, 0.720695436000824, 0.7162086367607117, 0.7190129160881042, 0.7274256944656372, 0.7375210523605347, 0.743129551410675, 0.7150869369506836, 0.7403252720832825, 0.743129551410675, 0.7145260572433472, 0.7403252720832825]}