{"loss": [1.0887176990509033, 0.8857972621917725, 0.8374038934707642, 0.8025767207145691, 0.7764660120010376, 0.7662541270256042, 0.7457841634750366, 0.724651038646698, 0.703676700592041, 0.6838806867599487, 0.6683777570724487, 0.6536424160003662, 0.634768545627594, 0.6177160739898682, 0.6047313809394836, 0.5950376987457275, 0.5698474049568176, 0.5531217455863953, 0.5485819578170776, 0.5413172245025635], "accuracy": [0.5506620407104492, 0.6327525973320007, 0.6533797979354858, 0.668571412563324, 0.6819512248039246, 0.6912891864776611, 0.6997909545898438, 0.7106620073318481, 0.7176306843757629, 0.7243205308914185, 0.7400696873664856, 0.7399303317070007, 0.7506620287895203, 0.7611149549484253, 0.765435516834259, 0.7657142877578735, 0.7799302935600281, 0.7880139350891113, 0.7894076704978943, 0.7887107729911804], "val_loss": [0.8795444369316101, 0.8957101106643677, 0.7826218605041504, 0.7783517241477966, 0.7316309809684753, 0.710976243019104, 0.7260144948959351, 0.6960411667823792, 0.6962356567382812, 0.6629151701927185, 0.6760920882225037, 0.6914278268814087, 0.6959360241889954, 0.6636156439781189, 0.6607534289360046, 0.6880252957344055, 0.701123833656311, 0.7536174058914185, 0.7075250744819641, 0.705106794834137], "val_accuracy": [0.6427369713783264, 0.6500280499458313, 0.6741446852684021, 0.6803140640258789, 0.7274256944656372, 0.7291082739830017, 0.7190129160881042, 0.7459338307380676, 0.7442512512207031, 0.7588334083557129, 0.7392035722732544, 0.7448121309280396, 0.7369601726531982, 0.7638810873031616, 0.7565900087356567, 0.7492989301681519, 0.76332026720047, 0.7363993525505066, 0.7537857294082642, 0.7588334083557129]}