{"loss": [1.0844671726226807, 0.8605940341949463, 0.7916658520698547, 0.7690290808677673, 0.7296169400215149, 0.7151261568069458, 0.6914876699447632, 0.6672822833061218, 0.657779335975647, 0.6410889029502869, 0.6250696778297424, 0.6163640022277832, 0.5950257182121277, 0.5941128730773926, 0.5822866559028625, 0.5632231831550598, 0.5392213463783264, 0.5503898859024048, 0.539567232131958, 0.50808185338974], "accuracy": [0.571567952632904, 0.6638327240943909, 0.6963066458702087, 0.7011846899986267, 0.7158188223838806, 0.7290592193603516, 0.7339372634887695, 0.7436933517456055, 0.7462021112442017, 0.7508013844490051, 0.7611149549484253, 0.7673867344856262, 0.7750522494316101, 0.7758885025978088, 0.7765853404998779, 0.7894076704978943, 0.7984669208526611, 0.7938675880432129, 0.8001393675804138, 0.8124041557312012], "val_loss": [0.8322868943214417, 0.753083348274231, 0.7178868055343628, 0.6887817978858948, 0.6661972403526306, 0.6349483728408813, 0.6393981575965881, 0.6394669413566589, 0.6167144179344177, 0.6148226857185364, 0.6115403175354004, 0.6277920007705688, 0.6152339577674866, 0.6127705574035645, 0.6081463694572449, 0.613502025604248, 0.6077914237976074, 0.6374292373657227, 0.6136180758476257, 0.6185063123703003], "val_accuracy": [0.6876051425933838, 0.7223780155181885, 0.7330341935157776, 0.7504206299781799, 0.7509815096855164, 0.761076807975769, 0.7571508884429932, 0.7621985673904419, 0.7616376876831055, 0.7627593874931335, 0.7750981450080872, 0.7745373249053955, 0.7762198448181152, 0.7706113457679749, 0.7829501032829285, 0.7801458239555359, 0.7807067036628723, 0.7784632444381714, 0.7807067036628723, 0.7840718030929565]}