{"loss": [1.0025168657302856, 0.7410066723823547, 0.6740347743034363, 0.6326720714569092, 0.6058698892593384, 0.5841595530509949, 0.5560832023620605, 0.5418123602867126, 0.5247968435287476, 0.5186406970024109, 0.5068537592887878, 0.4835073947906494, 0.4742787778377533, 0.43894749879837036, 0.41058382391929626, 0.39925459027290344, 0.3961279094219208, 0.3932645320892334, 0.3706282377243042, 0.3566809594631195], "accuracy": [0.632220983505249, 0.738923192024231, 0.7612170577049255, 0.7749579548835754, 0.7811273336410522, 0.7889792323112488, 0.8039820790290833, 0.8081884384155273, 0.8139371871948242, 0.8208076357841492, 0.8273976445198059, 0.8390353322029114, 0.8421200513839722, 0.8541783690452576, 0.8690409660339355, 0.8778743743896484, 0.875771164894104, 0.8764722347259521, 0.8860067129135132, 0.9004486799240112], "val_loss": [0.776082456111908, 0.7427554726600647, 0.6941639184951782, 0.6153836250305176, 0.6294294595718384, 0.5933189988136292, 0.5904809236526489, 0.5907551646232605, 0.5664048790931702, 0.5816123485565186, 0.543796956539154, 0.5148837566375732, 0.5083826780319214, 0.5126580595970154, 0.48457443714141846, 0.518757164478302, 0.4986311197280884, 0.473647803068161, 0.4663134515285492, 0.43247517943382263], "val_accuracy": [0.7190129160881042, 0.7341558933258057, 0.7330341935157776, 0.7779024243354797, 0.7627593874931335, 0.782389223575592, 0.7885586023330688, 0.7902411818504333, 0.7958496809005737, 0.8003365397453308, 0.8104318380355835, 0.8266965746879578, 0.8278182744979858, 0.8328659534454346, 0.8424004316329956, 0.8311833739280701, 0.841839611530304, 0.8452047109603882, 0.8575434684753418, 0.8659562468528748]}