{"loss": [1.0442596673965454, 0.8042457699775696, 0.7402889132499695, 0.6967352628707886, 0.682363748550415, 0.6534801125526428, 0.6261393427848816, 0.6200774312019348, 0.599600076675415, 0.5824435949325562, 0.5794078707695007, 0.5485037565231323, 0.5363799333572388, 0.5223435163497925, 0.5067617893218994, 0.4985303580760956, 0.4878476858139038, 0.478996604681015, 0.46656689047813416, 0.44776901602745056], "accuracy": [0.6063398718833923, 0.7024158835411072, 0.7311828136444092, 0.7409579753875732, 0.7430526614189148, 0.7568775415420532, 0.766792356967926, 0.766792356967926, 0.7758693099021912, 0.7842479944229126, 0.7864823341369629, 0.7976539731025696, 0.7991900444030762, 0.8050551414489746, 0.817064642906189, 0.8172042965888977, 0.8240469098091125, 0.8272587656974792, 0.8352185487747192, 0.8445748090744019], "val_loss": [0.805142343044281, 0.7359655499458313, 0.6644996404647827, 0.6416518092155457, 0.622590184211731, 0.6106647253036499, 0.6064593195915222, 0.5894196629524231, 0.6030051112174988, 0.5650454163551331, 0.6051126718521118, 0.5812913179397583, 0.5754292011260986, 0.613544225692749, 0.5840722322463989, 0.5934054255485535, 0.5899375677108765, 0.5934429168701172, 0.5896027684211731, 0.6255273222923279], "val_accuracy": [0.7358384728431702, 0.7565900087356567, 0.759955108165741, 0.7498598098754883, 0.7661244869232178, 0.7762198448181152, 0.772854745388031, 0.7784632444381714, 0.7779024243354797, 0.7947279810905457, 0.7722938656806946, 0.7885586023330688, 0.790802001953125, 0.7767807245254517, 0.7868760228157043, 0.7885586023330688, 0.7896803021430969, 0.7874369025230408, 0.7964105606079102, 0.7879977822303772]}