{"loss": [1.1347911357879639, 0.929457426071167, 0.8717104196548462, 0.8420615792274475, 0.8145606517791748, 0.8049173355102539, 0.7797339558601379, 0.758510172367096, 0.7421571612358093, 0.7332080602645874, 0.7178283929824829, 0.7029203772544861, 0.6937525868415833, 0.6597001552581787, 0.6528630256652832, 0.6390796303749084, 0.6286525726318359, 0.6088175177574158, 0.596035361289978, 0.5754131078720093], "accuracy": [0.523676872253418, 0.6004178524017334, 0.6374651789665222, 0.6444289684295654, 0.6526462435722351, 0.6642061471939087, 0.6767409443855286, 0.6884400844573975, 0.6967966556549072, 0.7037604451179504, 0.7114205956459045, 0.7183843851089478, 0.72451251745224, 0.7401114106178284, 0.7417827248573303, 0.75, 0.7547353506088257, 0.7529247999191284, 0.7635097503662109, 0.7756267189979553], "val_loss": [0.9530047178268433, 0.8589056134223938, 0.8088663220405579, 0.7980191707611084, 0.7821566462516785, 0.7707940340042114, 0.7627474665641785, 0.7303529381752014, 0.7540001273155212, 0.7501879334449768, 0.7130350470542908, 0.748867392539978, 0.6986814141273499, 0.6881234645843506, 0.7264343500137329, 0.7062284350395203, 0.6612966656684875, 0.7063947916030884, 0.6832185983657837, 0.6481989026069641], "val_accuracy": [0.5860335230827332, 0.6525139808654785, 0.6709496974945068, 0.6843575239181519, 0.694972038269043, 0.6910614371299744, 0.7061452269554138, 0.7262569665908813, 0.7094972133636475, 0.7122905254364014, 0.7396647930145264, 0.7039105892181396, 0.7474860548973083, 0.7497206926345825, 0.7284916043281555, 0.7307262420654297, 0.7508379817008972, 0.7463687062263489, 0.748603343963623, 0.7737430334091187]}