{"loss": [1.0404791831970215, 0.8147512078285217, 0.737978994846344, 0.7001866698265076, 0.6713980436325073, 0.6587216258049011, 0.6258075833320618, 0.615969717502594, 0.584740400314331, 0.57993084192276, 0.5736708641052246, 0.5362252593040466, 0.5221308469772339, 0.5224888324737549, 0.5076425075531006, 0.4880637228488922, 0.47997841238975525, 0.46598103642463684, 0.45553168654441833, 0.45803144574165344], "accuracy": [0.6129032373428345, 0.6992040276527405, 0.7274123430252075, 0.7383047342300415, 0.7518503069877625, 0.7589722275733948, 0.764418363571167, 0.7660941481590271, 0.7843876481056213, 0.7863426804542542, 0.7898338437080383, 0.8026812076568604, 0.8113391995429993, 0.8070101737976074, 0.8148303031921387, 0.8199971914291382, 0.8232090473175049, 0.8345203399658203, 0.8389889597892761, 0.8392682671546936], "val_loss": [0.8462613821029663, 0.7652558088302612, 0.6977605819702148, 0.6884872913360596, 0.6613746285438538, 0.6231998801231384, 0.6462989449501038, 0.6338332295417786, 0.595693826675415, 0.6655789017677307, 0.5950890779495239, 0.5691032409667969, 0.5657200217247009, 0.5585938692092896, 0.5798748731613159, 0.5649229884147644, 0.5509837865829468, 0.5333821177482605, 0.5283655524253845, 0.560102105140686], "val_accuracy": [0.6938547492027283, 0.7122905254364014, 0.7491620182991028, 0.7547485828399658, 0.7575418949127197, 0.7793295979499817, 0.7759776711463928, 0.7636871337890625, 0.7865921854972839, 0.7692737579345703, 0.7849162220954895, 0.8061452507972717, 0.8111732006072998, 0.7988826632499695, 0.8033519387245178, 0.8022346496582031, 0.8039106130599976, 0.8195530772209167, 0.8150838017463684, 0.8067039251327515]}