{"loss": [1.113831639289856, 0.8991936445236206, 0.8403288722038269, 0.812229573726654, 0.781072735786438, 0.7611420154571533, 0.7580906748771667, 0.7236491441726685, 0.7021300792694092, 0.6968910098075867, 0.6832091212272644, 0.6532406210899353, 0.6550659537315369, 0.6357656121253967, 0.624066174030304, 0.6089430451393127, 0.6021690964698792, 0.5946648120880127, 0.5639672875404358, 0.5580087900161743], "accuracy": [0.5506620407104492, 0.6347038149833679, 0.6535191535949707, 0.66773521900177, 0.6818118691444397, 0.6880836486816406, 0.6936585307121277, 0.7124738693237305, 0.7160975337028503, 0.714843213558197, 0.7297561168670654, 0.7455052137374878, 0.7399303317070007, 0.7510801553726196, 0.7542856931686401, 0.7572125196456909, 0.7615330815315247, 0.7665505409240723, 0.7855052351951599, 0.7793728113174438], "val_loss": [0.9065749645233154, 0.8161773681640625, 0.7870196104049683, 0.7577608823776245, 0.7232683300971985, 0.7149069905281067, 0.7199311256408691, 0.6699728965759277, 0.7400802373886108, 0.7044601440429688, 0.6583971381187439, 0.6304832696914673, 0.6686326265335083, 0.6373757719993591, 0.6207129955291748, 0.6337964534759521, 0.6428994536399841, 0.622802197933197, 0.6005849242210388, 0.5966739654541016], "val_accuracy": [0.6396648287773132, 0.6743016839027405, 0.694413423538208, 0.7201117277145386, 0.7223463654518127, 0.7391061186790466, 0.7407821416854858, 0.7608938813209534, 0.7396647930145264, 0.7474860548973083, 0.7692737579345703, 0.7748603224754333, 0.770391047000885, 0.778212308883667, 0.7737430334091187, 0.7748603224754333, 0.770391047000885, 0.7882681488990784, 0.7865921854972839, 0.7949720621109009]}