{"loss": [1.021959900856018, 0.7386478781700134, 0.6729221343994141, 0.6382279992103577, 0.6125319004058838, 0.5915611982345581, 0.5815508365631104, 0.5502300262451172, 0.5295834541320801, 0.5174276828765869, 0.5275773406028748, 0.48498404026031494, 0.4649234116077423, 0.46138378977775574, 0.44326815009117126, 0.4312635362148285, 0.4039804935455322, 0.39537015557289124, 0.37646153569221497, 0.36174800992012024], "accuracy": [0.6211441159248352, 0.7393438220024109, 0.7589736580848694, 0.7736960053443909, 0.780846893787384, 0.7902411818504333, 0.7944475412368774, 0.804122269153595, 0.8153393268585205, 0.818564236164093, 0.8187044262886047, 0.8316040635108948, 0.8453449010848999, 0.8484296202659607, 0.851374089717865, 0.8569825887680054, 0.8707234859466553, 0.8788558840751648, 0.8867077827453613, 0.8934380412101746], "val_loss": [0.8324613571166992, 0.7322242259979248, 0.676209568977356, 0.6702820062637329, 0.6469155550003052, 0.6789345741271973, 0.6400230526924133, 0.6271716356277466, 0.6252902150154114, 0.6204587817192078, 0.6152576208114624, 0.6125813126564026, 0.6260774731636047, 0.6154218912124634, 0.6650419235229492, 0.6441906690597534, 0.6153072118759155, 0.6350938677787781, 0.6310643553733826, 0.6996862888336182], "val_accuracy": [0.7033519744873047, 0.7558659315109253, 0.7653631567955017, 0.7653631567955017, 0.778212308883667, 0.7553072571754456, 0.7715083956718445, 0.7893854975700378, 0.7793295979499817, 0.7865921854972839, 0.7826815843582153, 0.7893854975700378, 0.7871508598327637, 0.7899441123008728, 0.7530726194381714, 0.7765362858772278, 0.778212308883667, 0.7826815843582153, 0.7832401990890503, 0.75698322057724]}