{"loss": [1.0927751064300537, 0.8768739700317383, 0.813397228717804, 0.772286057472229, 0.7435755133628845, 0.718914270401001, 0.7046293616294861, 0.7004302144050598, 0.6742947101593018, 0.6596934199333191, 0.6393787860870361, 0.6358913779258728, 0.6228892207145691, 0.6084336042404175, 0.5929518938064575, 0.5786881446838379, 0.5654052495956421, 0.5499964356422424, 0.5411590933799744, 0.5353121757507324], "accuracy": [0.5697560906410217, 0.6551916599273682, 0.6780487895011902, 0.6981184482574463, 0.7103832960128784, 0.7206968665122986, 0.7240418195724487, 0.7314285635948181, 0.7422996759414673, 0.7464808225631714, 0.7567944526672363, 0.7534494996070862, 0.761951208114624, 0.7683623433113098, 0.7751916646957397, 0.7767247557640076, 0.7855052351951599, 0.7956794500350952, 0.8012543320655823, 0.7988849878311157], "val_loss": [0.8434579968452454, 0.7484758496284485, 0.710956871509552, 0.6914330124855042, 0.6760539412498474, 0.6440888047218323, 0.6942626237869263, 0.7116066217422485, 0.6545170545578003, 0.6252049803733826, 0.6467949151992798, 0.6121453642845154, 0.5982252955436707, 0.5977692604064941, 0.5816411972045898, 0.595361590385437, 0.5727933645248413, 0.5780042409896851, 0.5667596459388733, 0.5579388737678528], "val_accuracy": [0.6932960748672485, 0.7229050397872925, 0.7530726194381714, 0.7452514171600342, 0.7575418949127197, 0.7709497213363647, 0.756424605846405, 0.7284916043281555, 0.7664804458618164, 0.7893854975700378, 0.7653631567955017, 0.7893854975700378, 0.7977653741836548, 0.8011173009872437, 0.797206699848175, 0.7966480255126953, 0.8044692873954773, 0.8083798885345459, 0.8067039251327515, 0.8106145262718201]}