{"loss": [1.1102817058563232, 0.8955833315849304, 0.8425391912460327, 0.8009931445121765, 0.7818459868431091, 0.7594894170761108, 0.7426220178604126, 0.7220446467399597, 0.7027039527893066, 0.6883637309074402, 0.6799353957176208, 0.6650832891464233, 0.6466149687767029, 0.6337817907333374, 0.6139793992042542, 0.6024763584136963, 0.5937418341636658, 0.563648521900177, 0.5571272969245911, 0.543460488319397], "accuracy": [0.5383971929550171, 0.6296864151954651, 0.648362398147583, 0.6742857098579407, 0.6839024424552917, 0.6903135776519775, 0.6985365748405457, 0.7103832960128784, 0.7190244197845459, 0.7257142663002014, 0.7340766787528992, 0.7375609874725342, 0.7422996759414673, 0.7508013844490051, 0.7576306462287903, 0.7707316875457764, 0.7686411142349243, 0.7822996377944946, 0.7855052351951599, 0.7926132678985596], "val_loss": [0.8949300050735474, 0.8050729632377625, 0.7797311544418335, 0.7767710089683533, 0.7414082884788513, 0.7220649123191833, 0.7142573595046997, 0.6856298446655273, 0.7261295914649963, 0.6928825378417969, 0.69391930103302, 0.6515524387359619, 0.6621458530426025, 0.690616250038147, 0.6544888019561768, 0.6504619717597961, 0.6570883393287659, 0.6317172050476074, 0.674258291721344, 0.6653435826301575], "val_accuracy": [0.6385945081710815, 0.6965978741645813, 0.699386477470398, 0.703290581703186, 0.7250418066978455, 0.7322922348976135, 0.7434467077255249, 0.744004487991333, 0.7334076762199402, 0.7518125772476196, 0.7484662532806396, 0.7601784467697144, 0.7629671096801758, 0.7412158250808716, 0.7679865956306458, 0.7757947444915771, 0.7696598172187805, 0.7730061411857605, 0.7618516683578491, 0.7651979923248291]}