{"loss": [1.0416545867919922, 0.7972914576530457, 0.7330605983734131, 0.6987497806549072, 0.6706787347793579, 0.6588912606239319, 0.6314672827720642, 0.6106346249580383, 0.6012029647827148, 0.5883346796035767, 0.5652425289154053, 0.5486716032028198, 0.5352240204811096, 0.528782308101654, 0.5225687026977539, 0.5016704797744751, 0.4881896376609802, 0.4774843454360962, 0.4593011736869812, 0.4597225487232208], "accuracy": [0.6152771711349487, 0.7025555372238159, 0.7322999835014343, 0.7369082570075989, 0.7475212812423706, 0.7552018165588379, 0.7621840238571167, 0.769864559173584, 0.777265727519989, 0.7799190282821655, 0.7877391576766968, 0.7917888760566711, 0.8029604554176331, 0.8032397627830505, 0.8056137561798096, 0.81636643409729, 0.8230693936347961, 0.8328445553779602, 0.8334031701087952, 0.8301913142204285], "val_loss": [0.8620118498802185, 0.7665597796440125, 0.760617733001709, 0.7391693592071533, 0.7069109678268433, 0.6972252726554871, 0.6939155459403992, 0.6855068206787109, 0.6730037331581116, 0.695094108581543, 0.6649088859558105, 0.6409463286399841, 0.6688789129257202, 0.6428395509719849, 0.6370829343795776, 0.6082583665847778, 0.6053010821342468, 0.5999531149864197, 0.5822725892066956, 0.5951350927352905], "val_accuracy": [0.6793084144592285, 0.7105410099029541, 0.7116564512252808, 0.7122141718864441, 0.7127718925476074, 0.7272727489471436, 0.7261573076248169, 0.7283881902694702, 0.7428889870643616, 0.7261573076248169, 0.7395426630973816, 0.7512548565864563, 0.7467930912971497, 0.747350811958313, 0.7540435194969177, 0.7663134336471558, 0.7752370238304138, 0.7802565693855286, 0.7886224389076233, 0.7841606140136719]}