{"loss": [1.009021282196045, 0.7442740201950073, 0.6817029714584351, 0.6446428894996643, 0.6056424975395203, 0.5918880105018616, 0.5740127563476562, 0.5498583316802979, 0.5311586260795593, 0.5160530805587769, 0.49044013023376465, 0.4613557457923889, 0.44718560576438904, 0.4220503568649292, 0.4199664890766144, 0.3994251489639282, 0.3736065626144409, 0.3698645234107971, 0.3479798138141632, 0.34836602210998535], "accuracy": [0.6308188438415527, 0.73667973279953, 0.7536455392837524, 0.7734155654907227, 0.7833707332611084, 0.7865956425666809, 0.7983735203742981, 0.8095905780792236, 0.8097307682037354, 0.818984866142273, 0.8314638137817383, 0.8461862206459045, 0.852916419506073, 0.8652551770210266, 0.8681996464729309, 0.8739483952522278, 0.8885305523872375, 0.8868480324745178, 0.8984857201576233, 0.8963825106620789], "val_loss": [0.8678088784217834, 0.8169416189193726, 0.7710779309272766, 0.7589829564094543, 0.7644025087356567, 0.7680611610412598, 0.7493346333503723, 0.726338803768158, 0.7636590600013733, 0.7441341280937195, 0.7415943145751953, 0.708935022354126, 0.7357365489006042, 0.7206294536590576, 0.7430773377418518, 0.7526938319206238, 0.8123831152915955, 0.7671410441398621, 0.9237100481987, 0.8029682636260986], "val_accuracy": [0.6871165633201599, 0.6921361088752747, 0.6971555948257446, 0.706636905670166, 0.708310067653656, 0.7071946263313293, 0.7122141718864441, 0.7345231175422668, 0.7105410099029541, 0.7334076762199402, 0.7166759371757507, 0.7334076762199402, 0.7317345142364502, 0.7311767935752869, 0.735080897808075, 0.7401003837585449, 0.7166759371757507, 0.7345231175422668, 0.6999441981315613, 0.7306190729141235]}