{"loss": [1.1182907819747925, 0.921908438205719, 0.8620697259902954, 0.8281958103179932, 0.809947669506073, 0.7958295941352844, 0.7685292959213257, 0.7544741630554199, 0.7428379058837891, 0.7276181578636169, 0.7069675326347351, 0.7015424966812134, 0.677245020866394, 0.6714483499526978, 0.6540517807006836, 0.642505943775177, 0.6226977109909058, 0.6099849343299866, 0.6004928350448608, 0.5858927965164185], "accuracy": [0.5309191942214966, 0.6175487637519836, 0.6381615400314331, 0.6579387187957764, 0.6682451367378235, 0.666016697883606, 0.6873258948326111, 0.6948468089103699, 0.7037604451179504, 0.703481912612915, 0.7094707489013672, 0.7175487279891968, 0.7324512600898743, 0.7364902496337891, 0.7448468208312988, 0.7498607039451599, 0.7635097503662109, 0.7650417685508728, 0.7717270255088806, 0.7803621292114258], "val_loss": [0.9213724732398987, 0.8453614115715027, 0.834770917892456, 0.7910010814666748, 0.7758745551109314, 0.7863351106643677, 0.7629903554916382, 0.7469561100006104, 0.7659178972244263, 0.7209071516990662, 0.7324362397193909, 0.7264988422393799, 0.7343117594718933, 0.7315052151679993, 0.6995006799697876, 0.7149295806884766, 0.6947592496871948, 0.721929132938385, 0.6751823425292969, 0.7032498121261597], "val_accuracy": [0.6324595808982849, 0.6748466491699219, 0.6715002655982971, 0.6949247121810913, 0.6843279600143433, 0.7021751403808594, 0.7138873338699341, 0.7239263653755188, 0.7194646000862122, 0.735080897808075, 0.7272727489471436, 0.7222532033920288, 0.7395426630973816, 0.7401003837585449, 0.7434467077255249, 0.7495816946029663, 0.7573898434638977, 0.7412158250808716, 0.7529280781745911, 0.7590630054473877]}