{"loss": [1.0786906480789185, 0.8495499491691589, 0.7933668494224548, 0.7706523537635803, 0.7314321994781494, 0.7162822484970093, 0.6949098110198975, 0.6895473003387451, 0.6779657602310181, 0.6487774848937988, 0.6387312412261963, 0.6195205450057983, 0.6117041707038879, 0.5971645712852478, 0.5817622542381287, 0.5634949803352356, 0.5600067377090454, 0.5434895753860474, 0.5430011749267578, 0.5229383707046509], "accuracy": [0.5760278701782227, 0.6656445860862732, 0.6944947838783264, 0.6982578635215759, 0.7077351808547974, 0.725296139717102, 0.7261323928833008, 0.7332404255867004, 0.7372822165489197, 0.7441114783287048, 0.7519163489341736, 0.7629268169403076, 0.7657142877578735, 0.7742160558700562, 0.781324028968811, 0.784808337688446, 0.7881532907485962, 0.7930313348770142, 0.7934494614601135, 0.8005574941635132], "val_loss": [0.8655092120170593, 0.7865235805511475, 0.7751732468605042, 0.7085990905761719, 0.6953621506690979, 0.6691871285438538, 0.6671629548072815, 0.6757898330688477, 0.6638137102127075, 0.6500514149665833, 0.6507276296615601, 0.6391050815582275, 0.6172415018081665, 0.6129165291786194, 0.5993178486824036, 0.5964686274528503, 0.5885825157165527, 0.6077054142951965, 0.5875582695007324, 0.5893181562423706], "val_accuracy": [0.6592303514480591, 0.7010596990585327, 0.6932515501976013, 0.7278304696083069, 0.7401003837585449, 0.7378695011138916, 0.744004487991333, 0.7328499555587769, 0.7467930912971497, 0.750697135925293, 0.7479085326194763, 0.7534857988357544, 0.7585052847862244, 0.7568321228027344, 0.7702175378799438, 0.7674288749694824, 0.7796988487243652, 0.7718906998634338, 0.7741215825080872, 0.7802565693855286]}