{"loss": [1.0371544361114502, 0.7995204925537109, 0.7385435700416565, 0.6883447766304016, 0.6697966456413269, 0.6506229639053345, 0.6169897317886353, 0.6030018329620361, 0.5919545292854309, 0.5758405327796936, 0.5683906078338623, 0.5404516458511353, 0.5260352492332458, 0.5230456590652466, 0.4945754110813141, 0.48523181676864624, 0.4714789390563965, 0.45236629247665405, 0.4449051320552826, 0.4389903247356415], "accuracy": [0.6176511645317078, 0.7061862945556641, 0.7289484739303589, 0.7441698312759399, 0.750872790813446, 0.7540846467018127, 0.7704231142997742, 0.777265727519989, 0.7782432436943054, 0.7896941900253296, 0.7917888760566711, 0.8039379715919495, 0.8056137561798096, 0.8116185069084167, 0.8237676024436951, 0.8222315311431885, 0.8331238627433777, 0.8385700583457947, 0.8389889597892761, 0.8479262590408325], "val_loss": [0.9480584263801575, 0.8760489821434021, 0.8387938737869263, 0.8392860293388367, 0.8145924210548401, 0.811129093170166, 0.8099511861801147, 0.7711847424507141, 0.7828052639961243, 0.775560200214386, 0.7546159029006958, 0.789894700050354, 0.7361030578613281, 0.7805907726287842, 0.7275142073631287, 0.7063989639282227, 0.7065862417221069, 0.6791072487831116, 0.6849880814552307, 0.6883449554443359], "val_accuracy": [0.6235359907150269, 0.6625766754150391, 0.6770775318145752, 0.6787506937980652, 0.6904628872871399, 0.6720579862594604, 0.6820970177650452, 0.6965978741645813, 0.7021751403808594, 0.6876742839813232, 0.7094255685806274, 0.697713315486908, 0.7144450545310974, 0.7027328610420227, 0.6999441981315613, 0.7166759371757507, 0.7361963391304016, 0.7361963391304016, 0.7367540597915649, 0.7423312664031982]}