{"loss": [1.115878939628601, 0.9188329577445984, 0.8693276643753052, 0.831048846244812, 0.8151328563690186, 0.7913983464241028, 0.7789079546928406, 0.7579498887062073, 0.7397672533988953, 0.7288430333137512, 0.7161204218864441, 0.6979405879974365, 0.6653887629508972, 0.6500202417373657, 0.6334933042526245, 0.6330661773681641, 0.6084460020065308, 0.5900189280509949, 0.5902949571609497, 0.5729557275772095], "accuracy": [0.5310584902763367, 0.6082172989845276, 0.6360723972320557, 0.6558495759963989, 0.6605849862098694, 0.6685236692428589, 0.6799442768096924, 0.6844010949134827, 0.6988857984542847, 0.7077994346618652, 0.7097492814064026, 0.7176880240440369, 0.7321727275848389, 0.7476323246955872, 0.7515320181846619, 0.7493036389350891, 0.7646239399909973, 0.7704735398292542, 0.7708913683891296, 0.7816156148910522], "val_loss": [0.9295483827590942, 0.8492302298545837, 0.8318900465965271, 0.8142423629760742, 0.7999002933502197, 0.7744559049606323, 0.7633926868438721, 0.7670251131057739, 0.8150740265846252, 0.7446072101593018, 0.7410967350006104, 0.7227731943130493, 0.724321186542511, 0.7012138962745667, 0.703031599521637, 0.6978017687797546, 0.6816062927246094, 0.6863308548927307, 0.6788995265960693, 0.6704953908920288], "val_accuracy": [0.6268823146820068, 0.6547685265541077, 0.651979923248291, 0.6631343960762024, 0.6815392971038818, 0.6938092708587646, 0.708310067653656, 0.6915783882141113, 0.6809815764427185, 0.7172336578369141, 0.7161182165145874, 0.7272727489471436, 0.7222532033920288, 0.7228109240531921, 0.7373117804527283, 0.7283881902694702, 0.7378695011138916, 0.7373117804527283, 0.7367540597915649, 0.745677649974823]}