{"loss": [1.0116859674453735, 0.7603599429130554, 0.687364935874939, 0.6521144509315491, 0.6219984292984009, 0.602294921875, 0.5741316080093384, 0.5757624506950378, 0.5548267364501953, 0.5332958102226257, 0.5251380205154419, 0.5065411925315857, 0.4903932213783264, 0.48304736614227295, 0.46446603536605835, 0.44450727105140686, 0.4200971722602844, 0.40832051634788513, 0.39386582374572754, 0.3679888844490051], "accuracy": [0.619321346282959, 0.7309310436248779, 0.7539259791374207, 0.7634604573249817, 0.7780426144599915, 0.7821087837219238, 0.7986539602279663, 0.7937464714050293, 0.803701639175415, 0.8104318380355835, 0.8178631663322449, 0.8240325450897217, 0.8328659534454346, 0.8373527526855469, 0.8446438312530518, 0.8547391891479492, 0.8645541071891785, 0.8715648055076599, 0.8761917948722839, 0.8872686624526978], "val_loss": [1.0049227476119995, 0.933091938495636, 0.8839088678359985, 0.9585819840431213, 0.8373128175735474, 0.848913311958313, 0.8777342438697815, 0.8846786618232727, 0.8437756896018982, 0.8102564215660095, 0.8383809328079224, 0.8357268571853638, 0.8401183485984802, 0.8092326521873474, 0.8216313123703003, 0.9069728851318359, 0.8207212090492249, 0.8194907307624817, 0.8325827717781067, 0.8796849846839905], "val_accuracy": [0.5928611159324646, 0.641383171081543, 0.6597880721092224, 0.6564416885375977, 0.6776352524757385, 0.6675962209701538, 0.6631343960762024, 0.6380367875099182, 0.6731734275817871, 0.6854434013366699, 0.6737311482429504, 0.7044060230255127, 0.6720579862594604, 0.6932515501976013, 0.6938092708587646, 0.6703848242759705, 0.6837702393531799, 0.6971555948257446, 0.7044060230255127, 0.6860011219978333]}