{"loss": [1.1050845384597778, 0.872897744178772, 0.8052214980125427, 0.7695761919021606, 0.7414243817329407, 0.7085456848144531, 0.7008863091468811, 0.6792603135108948, 0.6614253520965576, 0.6408615112304688, 0.63364177942276, 0.6132923364639282, 0.5941351056098938, 0.5778409242630005, 0.5662629008293152, 0.5579993724822998, 0.5377507209777832, 0.5343529582023621, 0.5163564085960388, 0.5106502175331116], "accuracy": [0.5573518872261047, 0.6486411094665527, 0.6800000071525574, 0.7018815279006958, 0.7119163870811462, 0.7233449220657349, 0.721114993095398, 0.7368640899658203, 0.7446689605712891, 0.7548432350158691, 0.7562369108200073, 0.7641811966896057, 0.7737979292869568, 0.7795121669769287, 0.7811846733093262, 0.7906620502471924, 0.7987456321716309, 0.7990244030952454, 0.8078048825263977, 0.8066899180412292], "val_loss": [0.9242988228797913, 0.8515083193778992, 0.8396131992340088, 0.7993535399436951, 0.8275668025016785, 0.8100773096084595, 0.7866207361221313, 0.7488560676574707, 0.7530065774917603, 0.740821897983551, 0.7543960809707642, 0.7201545834541321, 0.7102993726730347, 0.7027109265327454, 0.6862055659294128, 0.6696125864982605, 0.6875590085983276, 0.707231342792511, 0.680887758731842, 0.6707236170768738], "val_accuracy": [0.6408254504203796, 0.6776352524757385, 0.6558839678764343, 0.6982710361480713, 0.651979923248291, 0.6843279600143433, 0.6843279600143433, 0.7021751403808594, 0.7055214643478394, 0.7099832892417908, 0.699386477470398, 0.7172336578369141, 0.7228109240531921, 0.7183491587638855, 0.7339653968811035, 0.7401003837585449, 0.7300613522529602, 0.7317345142364502, 0.7445622086524963, 0.747350811958313]}