{"loss": [1.1029646396636963, 0.8953418731689453, 0.8375971913337708, 0.8121234774589539, 0.7832956910133362, 0.7548808455467224, 0.7370119094848633, 0.7214025259017944, 0.7107987999916077, 0.6804523468017578, 0.6611987352371216, 0.6519418954849243, 0.645703136920929, 0.6312499046325684, 0.605957567691803, 0.6073602437973022, 0.5816506147384644, 0.5711472630500793, 0.5629296898841858, 0.5529171824455261], "accuracy": [0.5588850378990173, 0.6204878091812134, 0.649198591709137, 0.6642508506774902, 0.6767944097518921, 0.6925435662269592, 0.6996515393257141, 0.7134494781494141, 0.7188850045204163, 0.726689875125885, 0.7389547228813171, 0.7354703545570374, 0.7453658580780029, 0.7481533288955688, 0.7623693346977234, 0.7588850259780884, 0.7747735381126404, 0.7786759734153748, 0.7828571200370789, 0.784808337688446], "val_loss": [0.9219622611999512, 0.8488019108772278, 0.8076907396316528, 0.8134388327598572, 0.7711182236671448, 0.7690803408622742, 0.7508082389831543, 0.7754737138748169, 0.7363473773002625, 0.7306031584739685, 0.7116125226020813, 0.7172792553901672, 0.6820051074028015, 0.7076047658920288, 0.6810685992240906, 0.6572561264038086, 0.654899537563324, 0.6977328658103943, 0.6526537537574768, 0.6403191685676575], "val_accuracy": [0.6235359907150269, 0.6715002655982971, 0.6681539416313171, 0.6715002655982971, 0.6904628872871399, 0.6848856806755066, 0.7094255685806274, 0.6837702393531799, 0.7094255685806274, 0.703290581703186, 0.7177914381027222, 0.7205800414085388, 0.7378695011138916, 0.7306190729141235, 0.7311767935752869, 0.7557166814804077, 0.7467930912971497, 0.7479085326194763, 0.756274402141571, 0.7590630054473877]}