{"loss": [1.0899051427841187, 0.879331111907959, 0.8065380454063416, 0.7739084362983704, 0.7447481751441956, 0.7177766561508179, 0.7053833603858948, 0.683881402015686, 0.6716877222061157, 0.6565489768981934, 0.6463097929954529, 0.6318063139915466, 0.6142775416374207, 0.6087802052497864, 0.60157710313797, 0.5817009210586548, 0.5695722699165344, 0.5618234276771545, 0.5455521941184998, 0.5378515720367432], "accuracy": [0.5620905756950378, 0.6525435447692871, 0.689337968826294, 0.6963066458702087, 0.7016028165817261, 0.7169337868690491, 0.7223693132400513, 0.7337979078292847, 0.7379791140556335, 0.7449477314949036, 0.742578387260437, 0.7540069818496704, 0.7586062550544739, 0.7687804698944092, 0.7690592408180237, 0.7779790759086609, 0.7820209264755249, 0.7892683148384094, 0.7962369322776794, 0.7930313348770142], "val_loss": [0.9725759625434875, 0.899094820022583, 0.8621849417686462, 0.841035008430481, 0.8232219219207764, 0.8053202629089355, 0.7988256812095642, 0.7964107990264893, 0.8228548169136047, 0.7740069627761841, 0.7617602348327637, 0.761612594127655, 0.787987470626831, 0.752447247505188, 0.7409393787384033, 0.7424517869949341, 0.7248533964157104, 0.7332962155342102, 0.718766450881958, 0.6919749975204468], "val_accuracy": [0.6053511500358582, 0.6332218647003174, 0.654403567314148, 0.6516165137290955, 0.6644369959831238, 0.6716833710670471, 0.6722407937049866, 0.6794871687889099, 0.667224109172821, 0.6889632344245911, 0.6878483891487122, 0.6934224963188171, 0.6800445914268494, 0.6850613355636597, 0.694537341594696, 0.6917502880096436, 0.7045707702636719, 0.7045707702636719, 0.7146042585372925, 0.7251951098442078]}