{"loss": [1.0164371728897095, 0.7520676851272583, 0.6880790591239929, 0.6367961168289185, 0.6149210929870605, 0.5870776772499084, 0.5745194554328918, 0.5513472557067871, 0.5484476685523987, 0.5257668495178223, 0.5121175050735474, 0.49891334772109985, 0.4904688596725464, 0.4580550193786621, 0.458318829536438, 0.42875999212265015, 0.41376033425331116, 0.3962520360946655, 0.3898744285106659, 0.36978811025619507], "accuracy": [0.6330622434616089, 0.7309310436248779, 0.7509815096855164, 0.7710319757461548, 0.7767807245254517, 0.7924845814704895, 0.7999158501625061, 0.8070667386054993, 0.8058048486709595, 0.8104318380355835, 0.8210880756378174, 0.8227705955505371, 0.8330061435699463, 0.8475883603096008, 0.8478687405586243, 0.8620302677154541, 0.8684800863265991, 0.8781548142433167, 0.880678653717041, 0.8900728821754456], "val_loss": [1.0247750282287598, 1.0302960872650146, 0.9823799729347229, 0.9642462730407715, 0.9316194653511047, 0.9717841744422913, 0.9204109311103821, 0.9364713430404663, 0.936824381351471, 0.9073981046676636, 0.9075580835342407, 0.9134390950202942, 0.9043689966201782, 0.9208953976631165, 0.9038721919059753, 0.9112458825111389, 0.9050475358963013, 0.9314440488815308, 0.932642936706543, 0.9425975680351257], "val_accuracy": [0.5791527032852173, 0.5925306677818298, 0.609810471534729, 0.634894073009491, 0.634894073009491, 0.6204013228416443, 0.6309921741485596, 0.6404682397842407, 0.6371237635612488, 0.6443701386451721, 0.6376811861991882, 0.6454849243164062, 0.6527312994003296, 0.651059091091156, 0.648829460144043, 0.6627647876739502, 0.6700111627578735, 0.6516165137290955, 0.6644369959831238, 0.6733556389808655]}