{"loss": [1.0653002262115479, 0.8147359490394592, 0.7427151799201965, 0.7004093527793884, 0.6771898865699768, 0.6501166820526123, 0.6211075186729431, 0.6124779582023621, 0.5870251655578613, 0.5768648982048035, 0.5565050840377808, 0.5620790123939514, 0.5348688960075378, 0.5295823812484741, 0.49470600485801697, 0.5020433664321899, 0.4784112870693207, 0.46025583148002625, 0.4567181169986725, 0.44430166482925415], "accuracy": [0.6020109057426453, 0.7066051959991455, 0.7278313040733337, 0.7366289496421814, 0.748498797416687, 0.757017195224762, 0.7709817290306091, 0.7743331789970398, 0.782153308391571, 0.7884373664855957, 0.7947214245796204, 0.7945817708969116, 0.8042172789573669, 0.8039379715919495, 0.8209747076034546, 0.8202764987945557, 0.8294931054115295, 0.8352185487747192, 0.8391286134719849, 0.8419215083122253], "val_loss": [1.0244325399398804, 0.9734426736831665, 0.8871175050735474, 0.8680640459060669, 0.9070416688919067, 0.903844952583313, 0.9006274938583374, 0.8654155731201172, 0.8788039684295654, 0.8557209968566895, 0.8338813781738281, 0.8970109224319458, 0.82822585105896, 0.8039803504943848, 0.8242154121398926, 0.7896662354469299, 0.7838464379310608, 0.7564632892608643, 0.7736257314682007, 0.780745267868042], "val_accuracy": [0.5975473523139954, 0.5724637508392334, 0.6443701386451721, 0.6454849243164062, 0.6432552933692932, 0.6382385492324829, 0.6438127160072327, 0.6577480435371399, 0.6449275612831116, 0.6610925197601318, 0.6683388948440552, 0.6644369959831238, 0.672798216342926, 0.6850613355636597, 0.6649944186210632, 0.6917502880096436, 0.6856187582015991, 0.7079152464866638, 0.6861761212348938, 0.7062430381774902]}