{"loss": [1.1098023653030396, 0.9137622714042664, 0.8679889440536499, 0.8368712067604065, 0.8128821849822998, 0.7966583371162415, 0.7793329358100891, 0.7706201672554016, 0.7438093423843384, 0.7418843507766724, 0.7214879393577576, 0.7016458511352539, 0.6783749461174011, 0.6645691990852356, 0.6505764126777649, 0.6432072520256042, 0.6212637424468994, 0.6190015077590942, 0.6088747382164001, 0.5838539600372314], "accuracy": [0.5323119759559631, 0.6115598678588867, 0.6324512362480164, 0.6501392722129822, 0.6597493290901184, 0.6697771549224854, 0.6813370585441589, 0.6857938766479492, 0.6926183700561523, 0.6966573596000671, 0.7038997411727905, 0.7204735279083252, 0.7289693355560303, 0.7409470677375793, 0.7413648962974548, 0.7444289922714233, 0.7568244934082031, 0.7576601505279541, 0.7637882828712463, 0.7721448540687561], "val_loss": [0.9527665376663208, 0.8702372312545776, 0.8368837237358093, 0.8324336409568787, 0.7963282465934753, 0.7763202786445618, 0.7711293697357178, 0.7603399157524109, 0.760110080242157, 0.7964224219322205, 0.7462771534919739, 0.7424585819244385, 0.7325503826141357, 0.7240419387817383, 0.7126149535179138, 0.718144416809082, 0.7002070546150208, 0.6933135986328125, 0.7244667410850525, 0.6842089295387268], "val_accuracy": [0.6070234179496765, 0.634894073009491, 0.6716833710670471, 0.656633198261261, 0.6778149604797363, 0.6900780200958252, 0.6850613355636597, 0.6817168593406677, 0.6800445914268494, 0.6688963174819946, 0.6984392404556274, 0.6939799189567566, 0.7001115083694458, 0.7235228419303894, 0.714046835899353, 0.719620943069458, 0.7274247407913208, 0.719620943069458, 0.7279821634292603, 0.7307692170143127]}