{"loss": [1.1015974283218384, 0.8996061682701111, 0.838986873626709, 0.8135707974433899, 0.7841312885284424, 0.769953727722168, 0.749086320400238, 0.7201210260391235, 0.7150424718856812, 0.6950181722640991, 0.6897464990615845, 0.6726829409599304, 0.6479920744895935, 0.633787214756012, 0.6144453883171082, 0.6081401109695435, 0.5895116329193115, 0.5896849036216736, 0.5662099123001099, 0.5554508566856384], "accuracy": [0.5477352142333984, 0.6313588619232178, 0.6585366129875183, 0.6706620454788208, 0.6818118691444397, 0.6904529333114624, 0.7000696659088135, 0.7103832960128784, 0.7241811752319336, 0.7285017371177673, 0.7339372634887695, 0.7358884811401367, 0.7446689605712891, 0.7494076490402222, 0.7606968879699707, 0.7630661725997925, 0.7705923318862915, 0.7735191583633423, 0.7821602821350098, 0.7863414883613586], "val_loss": [0.911740243434906, 0.8678506016731262, 0.8066983819007874, 0.8237046599388123, 0.7914988994598389, 0.7908813953399658, 0.7983584403991699, 0.775999903678894, 0.7647042870521545, 0.7759051322937012, 0.7659033536911011, 0.7612358331680298, 0.7247582674026489, 0.7220376133918762, 0.7235128283500671, 0.7167691588401794, 0.7011764049530029, 0.7237322330474854, 0.6840628981590271, 0.6933046579360962], "val_accuracy": [0.6354514956474304, 0.651059091091156, 0.678372323513031, 0.6577480435371399, 0.6806020140647888, 0.6806020140647888, 0.6677814722061157, 0.6828316450119019, 0.6872909665107727, 0.6900780200958252, 0.6895205974578857, 0.6889632344245911, 0.7101449370384216, 0.7028985619544983, 0.7157190442085266, 0.7274247407913208, 0.719620943069458, 0.7129319906234741, 0.7352285385131836, 0.7346711158752441]}